{
  "body_temp_rms": 0.09078994844750127,
  "body_temp_mean": 0.09034074172269348,
  "uv_index_rms": 0.07891212872575121,
  "accel_mag_rms": 0.0628792780120132,
  "env_temp_rms": 0.05872264623949393,
  "accel_mag_mean": 0.055677100390482986,
  "env_temp_mean": 0.05426457098086245,
  "hrv_mean": 0.053941360978571655,
  "uv_index_mean": 0.05224029787025341,
  "hrv_rms": 0.05135744777456714,
  "oxygen_mean": 0.03945197135227343,
  "aqi_mean": 0.03404854873287383,
  "aqi_rms": 0.03352225249576772,
  "oxygen_rms": 0.03290894931883633,
  "fall_duration_mean": 0.03013168914450045,
  "hr_rms": 0.02311051334443616,
  "hr_mean": 0.022131929108999134,
  "fall_duration_rms": 0.021775961218839512,
  "hrv_std": 0.015778760606488307,
  "hr_std": 0.008701870268224448,
  "humidity_mean": 0.008222435009325915,
  "base_hrv": 0.008219273959682733,
  "humidity_rms": 0.007957881774751098,
  "uv_index_std": 0.007569372875886526,
  "body_temp_std": 0.007421721905594275,
  "fall_duration_std": 0.007003378049289201,
  "hrv_zcr": 0.005946241576827766,
  "pressure_rms": 0.00388035175163706,
  "base_hr": 0.003852172828085492,
  "oxygen_std": 0.0038069436625590546,
  "oxygen_zcr": 0.003661237838534958,
  "pressure_mean": 0.003356110089884744,
  "accel_mag_std": 0.00326252385020123,
  "fall_duration_zcr": 0.0029067265668104147,
  "env_temp_std": 0.0021366644160514077,
  "hr_zcr": 0.002098638923039362,
  "body_temp_zcr": 0.0016436003500853588,
  "accel_mag_zcr": 0.001285790621362948,
  "uv_index_zcr": 0.0010996023457947339,
  "pressure_zcr": 0.0007611447771873085,
  "humidity_std": 0.0007572249278220903,
  "pressure_std": 0.0007045276015319176,
  "env_temp_zcr": 0.0006700001296017094,
  "humidity_zcr": 0.0006643167915943496,
  "aqi_std": 0.00029651536468156903,
  "aqi_zcr": 0.00012763527874668802
}